token1,token2,token3,token4,token5,target
﻿Hello,Joey,.,Hi,Tata,.
Joey,.,Hi,Tata,.,What
.,Hi,Tata,.,What,do
Hi,Tata,.,What,do,you
Tata,.,What,do,you,think
.,What,do,you,think,of
What,do,you,think,of,Donald
do,you,think,of,Donald,J
you,think,of,Donald,J,.
think,of,Donald,J,.,Trump
of,Donald,J,.,Trump,is
Donald,J,.,Trump,is,tariffs
J,.,Trump,is,tariffs,?
.,Trump,is,tariffs,?,I
Trump,is,tariffs,?,I,don’t
is,tariffs,?,I,don’t,like
tariffs,?,I,don’t,like,it
?,I,don’t,like,it,much
I,don’t,like,it,much,because
don’t,like,it,much,because,all
like,it,much,because,all,tariffs
it,much,because,all,tariffs,are
much,because,all,tariffs,are,barriers
because,all,tariffs,are,barriers,","
all,tariffs,are,barriers,",",but
tariffs,are,barriers,",",but,it
are,barriers,",",but,it,might
barriers,",",but,it,might,help
",",but,it,might,help,America
but,it,might,help,America,.
it,might,help,America,.,What
might,help,America,.,What,do
help,America,.,What,do,you
America,.,What,do,you,think
.,What,do,you,think,?
What,do,you,think,?,I
do,you,think,?,I,think
you,think,?,I,think,although
think,?,I,think,although,Trump
?,I,think,although,Trump,is
I,think,although,Trump,is,idea
think,although,Trump,is,idea,of
although,Trump,is,idea,of,recovering
Trump,is,idea,of,recovering,America
is,idea,of,recovering,America,is
idea,of,recovering,America,is,industrial
of,recovering,America,is,industrial,capabilities
recovering,America,is,industrial,capabilities,is
America,is,industrial,capabilities,is,good
is,industrial,capabilities,is,good,","
industrial,capabilities,is,good,",",the
capabilities,is,good,",",the,reality
is,good,",",the,reality,is
good,",",the,reality,is,that
",",the,reality,is,that,American
the,reality,is,that,American,workers
reality,is,that,American,workers,had
is,that,American,workers,had,long
that,American,workers,had,long,lost
American,workers,had,long,lost,their
workers,had,long,lost,their,industrial
had,long,lost,their,industrial,skills
long,lost,their,industrial,skills,.
lost,their,industrial,skills,.,By
their,industrial,skills,.,By,the
industrial,skills,.,By,the,way
skills,.,By,the,way,","
.,By,the,way,",",are
By,the,way,",",are,you
the,way,",",are,you,still
way,",",are,you,still,in
",",are,you,still,in,touch
are,you,still,in,touch,with
you,still,in,touch,with,Ria
still,in,touch,with,Ria,?
in,touch,with,Ria,?,No
touch,with,Ria,?,No,.
with,Ria,?,No,.,Well
Ria,?,No,.,Well,","
?,No,.,Well,",",anyways
No,.,Well,",",anyways,","
.,Well,",",anyways,",",I’m
Well,",",anyways,",",I’m,pretty
",",anyways,",",I’m,pretty,sure
anyways,",",I’m,pretty,sure,she
",",I’m,pretty,sure,she,is
I’m,pretty,sure,she,is,in
pretty,sure,she,is,in,Japan
sure,she,is,in,Japan,right
she,is,in,Japan,right,now
is,in,Japan,right,now,.
in,Japan,right,now,.,Yes
Japan,right,now,.,Yes,","
right,now,.,Yes,",",with
now,.,Yes,",",with,a
.,Yes,",",with,a,new
Yes,",",with,a,new,boyfriend
",",with,a,new,boyfriend,.
with,a,new,boyfriend,.,Do
a,new,boyfriend,.,Do,you
new,boyfriend,.,Do,you,like
boyfriend,.,Do,you,like,Iolani
.,Do,you,like,Iolani,?
Do,you,like,Iolani,?,Iolani
you,like,Iolani,?,Iolani,is
like,Iolani,?,Iolani,is,fine
Iolani,?,Iolani,is,fine,.
?,Iolani,is,fine,.,Classes
Iolani,is,fine,.,Classes,are
is,fine,.,Classes,are,a
fine,.,Classes,are,a,bit
.,Classes,are,a,bit,stressful
Classes,are,a,bit,stressful,though
are,a,bit,stressful,though,","
a,bit,stressful,though,",",especially
bit,stressful,though,",",especially,since
stressful,though,",",especially,since,I
though,",",especially,since,I,slacked
",",especially,since,I,slacked,off
especially,since,I,slacked,off,a
since,I,slacked,off,a,bunch
I,slacked,off,a,bunch,during
slacked,off,a,bunch,during,the
off,a,bunch,during,the,third
a,bunch,during,the,third,quarter
bunch,during,the,third,quarter,.
during,the,third,quarter,.,You
the,third,quarter,.,You,Chinese
third,quarter,.,You,Chinese,are
quarter,.,You,Chinese,are,putting
.,You,Chinese,are,putting,too
You,Chinese,are,putting,too,much
Chinese,are,putting,too,much,pressure
are,putting,too,much,pressure,on
putting,too,much,pressure,on,yourself
too,much,pressure,on,yourself,.
much,pressure,on,yourself,.,Well
pressure,on,yourself,.,Well,","
on,yourself,.,Well,",",it
yourself,.,Well,",",it,is
.,Well,",",it,is,not
Well,",",it,is,not,only
",",it,is,not,only,the
it,is,not,only,the,Chinese
is,not,only,the,Chinese,.
not,only,the,Chinese,.,I
only,the,Chinese,.,I,think
the,Chinese,.,I,think,it
Chinese,.,I,think,it,is
.,I,think,it,is,just
I,think,it,is,just,Iolani
think,it,is,just,Iolani,culture
it,is,just,Iolani,culture,.
is,just,Iolani,culture,.,Studying
just,Iolani,culture,.,Studying,is
Iolani,culture,.,Studying,is,a
culture,.,Studying,is,a,mindset
.,Studying,is,a,mindset,.
Studying,is,a,mindset,.,You
is,a,mindset,.,You,can
a,mindset,.,You,can,be
mindset,.,You,can,be,what
.,You,can,be,what,you
You,can,be,what,you,want
can,be,what,you,want,to
be,what,you,want,to,be
what,you,want,to,be,","
you,want,to,be,",",just
want,to,be,",",just,envision
to,be,",",just,envision,yourself
be,",",just,envision,yourself,in
",",just,envision,yourself,in,it
just,envision,yourself,in,it,.
envision,yourself,in,it,.,And
yourself,in,it,.,And,I
in,it,.,And,I,think
it,.,And,I,think,the
.,And,I,think,the,background
And,I,think,the,background,music
I,think,the,background,music,is
think,the,background,music,is,greatly
the,background,music,is,greatly,enhancing
background,music,is,greatly,enhancing,your
music,is,greatly,enhancing,your,moral
is,greatly,enhancing,your,moral,lesson
greatly,enhancing,your,moral,lesson,experience
enhancing,your,moral,lesson,experience,.
your,moral,lesson,experience,.,Same
moral,lesson,experience,.,Same,?
lesson,experience,.,Same,?,Maybe
experience,.,Same,?,Maybe,.
.,Same,?,Maybe,.,How
Same,?,Maybe,.,How,is
?,Maybe,.,How,is,Iolani
Maybe,.,How,is,Iolani,Fair
.,How,is,Iolani,Fair,?
How,is,Iolani,Fair,?,Iolani
is,Iolani,Fair,?,Iolani,Fair
Iolani,Fair,?,Iolani,Fair,is
Fair,?,Iolani,Fair,is,cool
?,Iolani,Fair,is,cool,","
Iolani,Fair,is,cool,",",but
Fair,is,cool,",",but,working
is,cool,",",but,working,shifts
cool,",",but,working,shifts,from
",",but,working,shifts,from,5
but,working,shifts,from,5,A
working,shifts,from,5,A,.M
shifts,from,5,A,.M,.
from,5,A,.M,.,to
5,A,.M,.,to,5
A,.M,.,to,5,P
.M,.,to,5,P,.M
.,to,5,P,.M,.
to,5,P,.M,.,is
5,P,.M,.,is,kind
P,.M,.,is,kind,of
.M,.,is,kind,of,difficult
.,is,kind,of,difficult,.
is,kind,of,difficult,.,I
kind,of,difficult,.,I,like
of,difficult,.,I,like,Fair;
difficult,.,I,like,Fair;,I
.,I,like,Fair;,I,had
I,like,Fair;,I,had,a
like,Fair;,I,had,a,lot
Fair;,I,had,a,lot,of
I,had,a,lot,of,fun
had,a,lot,of,fun,.
a,lot,of,fun,.,Did
lot,of,fun,.,Did,you
of,fun,.,Did,you,like
fun,.,Did,you,like,the
.,Did,you,like,the,mochisadas
Did,you,like,the,mochisadas,?
you,like,the,mochisadas,?,Yeah
like,the,mochisadas,?,Yeah,","
the,mochisadas,?,Yeah,",",I
mochisadas,?,Yeah,",",I,think
?,Yeah,",",I,think,they’re
Yeah,",",I,think,they’re,better
",",I,think,they’re,better,than
I,think,they’re,better,than,last
think,they’re,better,than,last,year
they’re,better,than,last,year,is
better,than,last,year,is,malasadas
than,last,year,is,malasadas,.
last,year,is,malasadas,.,Probably
year,is,malasadas,.,Probably,because
is,malasadas,.,Probably,because,I
malasadas,.,Probably,because,I,like
.,Probably,because,I,like,mochi
Probably,because,I,like,mochi,a
because,I,like,mochi,a,lot
I,like,mochi,a,lot,.
like,mochi,a,lot,.,And
mochi,a,lot,.,And,because
a,lot,.,And,because,I
lot,.,And,because,I,worked
.,And,because,I,worked,there
And,because,I,worked,there,","
because,I,worked,there,",",I
I,worked,there,",",I,got
worked,there,",",I,got,free
there,",",I,got,free,food
",",I,got,free,food,.
I,got,free,food,.,Were
got,free,food,.,Were,they
free,food,.,Were,they,better
food,.,Were,they,better,than
.,Were,they,better,than,the
Were,they,better,than,the,malasadas
they,better,than,the,malasadas,from
better,than,the,malasadas,from,last
than,the,malasadas,from,last,year
the,malasadas,from,last,year,?
malasadas,from,last,year,?,I
from,last,year,?,I,bought
last,year,?,I,bought,two
year,?,I,bought,two,custard
?,I,bought,two,custard,and
I,bought,two,custard,and,two
bought,two,custard,and,two,without
two,custard,and,two,without,.
custard,and,two,without,.,Did
and,two,without,.,Did,you
two,without,.,Did,you,have
without,.,Did,you,have,any
.,Did,you,have,any,of
Did,you,have,any,of,the
you,have,any,of,the,custard
have,any,of,the,custard,ones
any,of,the,custard,ones,?
of,the,custard,ones,?,I
the,custard,ones,?,I,did
custard,ones,?,I,did,.
ones,?,I,did,.,It
?,I,did,.,It,was
I,did,.,It,was,good
did,.,It,was,good,.
.,It,was,good,.,That
It,was,good,.,That,is
was,good,.,That,is,good
good,.,That,is,good,to
.,That,is,good,to,know
That,is,good,to,know,.
is,good,to,know,.,How
good,to,know,.,How,do
to,know,.,How,do,you
know,.,How,do,you,think
.,How,do,you,think,it
How,do,you,think,it,compares
do,you,think,it,compares,to
you,think,it,compares,to,Punahou
think,it,compares,to,Punahou,Carnival
it,compares,to,Punahou,Carnival,?
compares,to,Punahou,Carnival,?,Well
to,Punahou,Carnival,?,Well,","
Punahou,Carnival,?,Well,",",the
Carnival,?,Well,",",the,food
?,Well,",",the,food,is
Well,",",the,food,is,better
",",the,food,is,better,","
the,food,is,better,",",and
food,is,better,",",and,because
is,better,",",and,because,I
better,",",and,because,I,know
",",and,because,I,know,more
and,because,I,know,more,people
because,I,know,more,people,here
I,know,more,people,here,","
know,more,people,here,",",it
more,people,here,",",it,is
people,here,",",it,is,fun
here,",",it,is,fun,.
",",it,is,fun,.,That
it,is,fun,.,That,makes
is,fun,.,That,makes,sense
fun,.,That,makes,sense,","
.,That,makes,sense,",",though
That,makes,sense,",",though,Punahou
makes,sense,",",though,Punahou,is
sense,",",though,Punahou,is,campus
",",though,Punahou,is,campus,is
though,Punahou,is,campus,is,way
Punahou,is,campus,is,way,bigger
is,campus,is,way,bigger,.
campus,is,way,bigger,.,Yeah
is,way,bigger,.,Yeah,","
way,bigger,.,Yeah,",",it
bigger,.,Yeah,",",it,is
.,Yeah,",",it,is,.
Yeah,",",it,is,.,It
",",it,is,.,It,depends
it,is,.,It,depends,on
is,.,It,depends,on,who
.,It,depends,on,who,I
It,depends,on,who,I,hang
depends,on,who,I,hang,out
on,who,I,hang,out,with
who,I,hang,out,with,.
I,hang,out,with,.,They
hang,out,with,.,They,are
out,with,.,They,are,both
with,.,They,are,both,fun
.,They,are,both,fun,.
They,are,both,fun,.,It
are,both,fun,.,It,is
both,fun,.,It,is,about
fun,.,It,is,about,the
.,It,is,about,the,people
It,is,about,the,people,","
is,about,the,people,",",not
about,the,people,",",not,the
the,people,",",not,the,location
people,",",not,the,location,.
",",not,the,location,.,True
not,the,location,.,True,.
the,location,.,True,.,Last
location,.,True,.,Last,time
.,True,.,Last,time,when
True,.,Last,time,when,you
.,Last,time,when,you,went
Last,time,when,you,went,to
time,when,you,went,to,Punahou
when,you,went,to,Punahou,Carnival
you,went,to,Punahou,Carnival,","
went,to,Punahou,Carnival,",",did
to,Punahou,Carnival,",",did,you
Punahou,Carnival,",",did,you,go
Carnival,",",did,you,go,with
",",did,you,go,with,friends
did,you,go,with,friends,?
you,go,with,friends,?,I
go,with,friends,?,I,went
with,friends,?,I,went,with
friends,?,I,went,with,a
?,I,went,with,a,freshman
I,went,with,a,freshman,girl
went,with,a,freshman,girl,.
with,a,freshman,girl,.,Interesting
a,freshman,girl,.,Interesting,.
freshman,girl,.,Interesting,.,That
girl,.,Interesting,.,That,Italian
.,Interesting,.,That,Italian,dorm
Interesting,.,That,Italian,dorm,girl
.,That,Italian,dorm,girl,?
That,Italian,dorm,girl,?,No
Italian,dorm,girl,?,No,.
dorm,girl,?,No,.,No
girl,?,No,.,No,.
?,No,.,No,.,No
No,.,No,.,No,.
.,No,.,No,.,Interesting
No,.,No,.,Interesting,.
.,No,.,Interesting,.,How
No,.,Interesting,.,How,did
.,Interesting,.,How,did,you
Interesting,.,How,did,you,meet
.,How,did,you,meet,that
How,did,you,meet,that,girl
did,you,meet,that,girl,?
you,meet,that,girl,?,Photography
meet,that,girl,?,Photography,class
that,girl,?,Photography,class,.
girl,?,Photography,class,.,LOL
?,Photography,class,.,LOL,.
Photography,class,.,LOL,.,Apparently
class,.,LOL,.,Apparently,","
.,LOL,.,Apparently,",",I
LOL,.,Apparently,",",I,am
.,Apparently,",",I,am,attractive
Apparently,",",I,am,attractive,and
",",I,am,attractive,and,smart
I,am,attractive,and,smart,.
am,attractive,and,smart,.,Interesting
attractive,and,smart,.,Interesting,comment
and,smart,.,Interesting,comment,about
smart,.,Interesting,comment,about,yourself
.,Interesting,comment,about,yourself,.
Interesting,comment,about,yourself,.,So
comment,about,yourself,.,So,I’m
about,yourself,.,So,I’m,assuming
yourself,.,So,I’m,assuming,she—
.,So,I’m,assuming,she—,I
So,I’m,assuming,she—,I,am
I’m,assuming,she—,I,am,though
assuming,she—,I,am,though,.
she—,I,am,though,.,Type
I,am,though,.,Type,out
am,though,.,Type,out,your
though,.,Type,out,your,sentence
.,Type,out,your,sentence,","
Type,out,your,sentence,",",bro
out,your,sentence,",",bro,.
your,sentence,",",bro,.,I’m
sentence,",",bro,.,I’m,assuming—
",",bro,.,I’m,assuming—,Well
bro,.,I’m,assuming—,Well,","
.,I’m,assuming—,Well,",",anyway
I’m,assuming—,Well,",",anyway,.
assuming—,Well,",",anyway,.,How
Well,",",anyway,.,How,do
",",anyway,.,How,do,you
anyway,.,How,do,you,like
.,How,do,you,like,your
How,do,you,like,your,steak
do,you,like,your,steak,cooked
you,like,your,steak,cooked,?
like,your,steak,cooked,?,Medium
your,steak,cooked,?,Medium,rare
steak,cooked,?,Medium,rare,","
cooked,?,Medium,rare,",",or
?,Medium,rare,",",or,even
Medium,rare,",",or,even,more
rare,",",or,even,more,rare
",",or,even,more,rare,.
or,even,more,rare,.,I
even,more,rare,.,I,want
more,rare,.,I,want,it
rare,.,I,want,it,juicy
.,I,want,it,juicy,.
I,want,it,juicy,.,I
want,it,juicy,.,I,like
it,juicy,.,I,like,medium
juicy,.,I,like,medium,rare
.,I,like,medium,rare,too
I,like,medium,rare,too,.
like,medium,rare,too,.,What
medium,rare,too,.,What,would
rare,too,.,What,would,you
too,.,What,would,you,do
.,What,would,you,do,if
What,would,you,do,if,a
would,you,do,if,a,chef
you,do,if,a,chef,sucked
do,if,a,chef,sucked,out
if,a,chef,sucked,out,all
a,chef,sucked,out,all,the
chef,sucked,out,all,the,juice
sucked,out,all,the,juice,with
out,all,the,juice,with,a
all,the,juice,with,a,blender
the,juice,with,a,blender,?
juice,with,a,blender,?,I
with,a,blender,?,I,didn’t
a,blender,?,I,didn’t,get
blender,?,I,didn’t,get,it
?,I,didn’t,get,it,.
I,didn’t,get,it,.,My
didn’t,get,it,.,My,bad
get,it,.,My,bad,.
it,.,My,bad,.,I
.,My,bad,.,I,meant
My,bad,.,I,meant,","
bad,.,I,meant,",",would
.,I,meant,",",would,you
I,meant,",",would,you,still
meant,",",would,you,still,eat
",",would,you,still,eat,it
would,you,still,eat,it,if
you,still,eat,it,if,the
still,eat,it,if,the,chef
eat,it,if,the,chef,accidentally
it,if,the,chef,accidentally,made
if,the,chef,accidentally,made,it
the,chef,accidentally,made,it,well
chef,accidentally,made,it,well,done
accidentally,made,it,well,done,?
made,it,well,done,?,I
it,well,done,?,I,would
well,done,?,I,would,tell
done,?,I,would,tell,them
?,I,would,tell,them,to
I,would,tell,them,to,redo
would,tell,them,to,redo,it
tell,them,to,redo,it,.
them,to,redo,it,.,Fair
to,redo,it,.,Fair,enough
redo,it,.,Fair,enough,.
it,.,Fair,enough,.,Where
.,Fair,enough,.,Where,is
Fair,enough,.,Where,is,your
enough,.,Where,is,your,favorite
.,Where,is,your,favorite,restaurant
Where,is,your,favorite,restaurant,?
is,your,favorite,restaurant,?,I
your,favorite,restaurant,?,I,don’t
favorite,restaurant,?,I,don’t,really
restaurant,?,I,don’t,really,have
?,I,don’t,really,have,one
I,don’t,really,have,one,.
don’t,really,have,one,.,I
really,have,one,.,I,love
have,one,.,I,love,all
one,.,I,love,all,.
.,I,love,all,.,Well
I,love,all,.,Well,","
love,all,.,Well,",",favorite
all,.,Well,",",favorite,cuisine
.,Well,",",favorite,cuisine,?
Well,",",favorite,cuisine,?,Probably
",",favorite,cuisine,?,Probably,Japanese
favorite,cuisine,?,Probably,Japanese,.
cuisine,?,Probably,Japanese,.,It
?,Probably,Japanese,.,It,is
Probably,Japanese,.,It,is,fresh
Japanese,.,It,is,fresh,.
.,It,is,fresh,.,Yeah
It,is,fresh,.,Yeah,","
is,fresh,.,Yeah,",",me
fresh,.,Yeah,",",me,too
.,Yeah,",",me,too,.
Yeah,",",me,too,.,But
",",me,too,.,But,there
me,too,.,But,there,is
too,.,But,there,is,a
.,But,there,is,a,lot
But,there,is,a,lot,within
there,is,a,lot,within,the
is,a,lot,within,the,domain
a,lot,within,the,domain,of
lot,within,the,domain,of,Japanese
within,the,domain,of,Japanese,cuisine
the,domain,of,Japanese,cuisine,.
domain,of,Japanese,cuisine,.,Tonkatsu
of,Japanese,cuisine,.,Tonkatsu,?
Japanese,cuisine,.,Tonkatsu,?,More
cuisine,.,Tonkatsu,?,More,like
.,Tonkatsu,?,More,like,sushi
Tonkatsu,?,More,like,sushi,or
?,More,like,sushi,or,sashimi
More,like,sushi,or,sashimi,.
like,sushi,or,sashimi,.,Or
sushi,or,sashimi,.,Or,those
or,sashimi,.,Or,those,expensive
sashimi,.,Or,those,expensive,things
.,Or,those,expensive,things,.
Or,those,expensive,things,.,Makes
those,expensive,things,.,Makes,sense
expensive,things,.,Makes,sense,.
things,.,Makes,sense,.,What
.,Makes,sense,.,What,are
Makes,sense,.,What,are,you
sense,.,What,are,you,planning
.,What,are,you,planning,to
What,are,you,planning,to,do
are,you,planning,to,do,in
you,planning,to,do,in,the
planning,to,do,in,the,summer
to,do,in,the,summer,this
do,in,the,summer,this,year
in,the,summer,this,year,?
the,summer,this,year,?,Going
summer,this,year,?,Going,to
this,year,?,Going,to,the
year,?,Going,to,the,East
?,Going,to,the,East,Coast
Going,to,the,East,Coast,and
to,the,East,Coast,and,taking
the,East,Coast,and,taking,a
East,Coast,and,taking,a,trip
Coast,and,taking,a,trip,with
and,taking,a,trip,with,my
taking,a,trip,with,my,senior
a,trip,with,my,senior,friends
trip,with,my,senior,friends,.
with,my,senior,friends,.,I’m
my,senior,friends,.,I’m,going
senior,friends,.,I’m,going,to
friends,.,I’m,going,to,Chicago
.,I’m,going,to,Chicago,for
I’m,going,to,Chicago,for,three
going,to,Chicago,for,three,weeks
to,Chicago,for,three,weeks,.
Chicago,for,three,weeks,.,Between
for,three,weeks,.,Between,that
three,weeks,.,Between,that,and
weeks,.,Between,that,and,the
.,Between,that,and,the,end
Between,that,and,the,end,of
that,and,the,end,of,school
and,the,end,of,school,I
the,end,of,school,I,still
end,of,school,I,still,have
of,school,I,still,have,one
school,I,still,have,one,week
I,still,have,one,week,though
still,have,one,week,though,","
have,one,week,though,",",so
one,week,though,",",so,I’m
week,though,",",so,I’m,not
though,",",so,I’m,not,sure
",",so,I’m,not,sure,what
so,I’m,not,sure,what,to
I’m,not,sure,what,to,do
not,sure,what,to,do,.
sure,what,to,do,.,Same
what,to,do,.,Same,.
to,do,.,Same,.,I
do,.,Same,.,I,go
.,Same,.,I,go,to
Same,.,I,go,to,Yale
.,I,go,to,Yale,.
I,go,to,Yale,.,I
go,to,Yale,.,I,might
to,Yale,.,I,might,just
Yale,.,I,might,just,travel
.,I,might,just,travel,with
I,might,just,travel,with,my
might,just,travel,with,my,mom
just,travel,with,my,mom,.
travel,with,my,mom,.,That
with,my,mom,.,That,is
my,mom,.,That,is,a
mom,.,That,is,a,great
.,That,is,a,great,idea
That,is,a,great,idea,.
is,a,great,idea,.,I
a,great,idea,.,I,applied
great,idea,.,I,applied,to
idea,.,I,applied,to,Chicago
.,I,applied,to,Chicago,last
I,applied,to,Chicago,last,year
applied,to,Chicago,last,year,","
to,Chicago,last,year,",",but
Chicago,last,year,",",but,I
last,year,",",but,I,didn’t
year,",",but,I,didn’t,want
",",but,I,didn’t,want,to
but,I,didn’t,want,to,go
I,didn’t,want,to,go,.
didn’t,want,to,go,.,I
want,to,go,.,I,don’t
to,go,.,I,don’t,really
go,.,I,don’t,really,like
.,I,don’t,really,like,it
I,don’t,really,like,it,there
don’t,really,like,it,there,.
really,like,it,there,.,Is
like,it,there,.,Is,it
it,there,.,Is,it,because
there,.,Is,it,because,of
.,Is,it,because,of,the
Is,it,because,of,the,weather
it,because,of,the,weather,","
because,of,the,weather,",",climate
of,the,weather,",",climate,","
the,weather,",",climate,",",or
weather,",",climate,",",or,the
",",climate,",",or,the,school
climate,",",or,the,school,in
",",or,the,school,in,general
or,the,school,in,general,?
the,school,in,general,?,More
school,in,general,?,More,like
in,general,?,More,like,too
general,?,More,like,too,many
?,More,like,too,many,nerds
More,like,too,many,nerds,there
like,too,many,nerds,there,.
too,many,nerds,there,.,No
many,nerds,there,.,No,good
nerds,there,.,No,good,.
there,.,No,good,.,LOL
.,No,good,.,LOL,.
No,good,.,LOL,.,You’re
good,.,LOL,.,You’re,definitely
.,LOL,.,You’re,definitely,not
LOL,.,You’re,definitely,not,inferring
.,You’re,definitely,not,inferring,anything
You’re,definitely,not,inferring,anything,.
definitely,not,inferring,anything,.,Definitely
not,inferring,anything,.,Definitely,not
inferring,anything,.,Definitely,not,.
anything,.,Definitely,not,.,So
.,Definitely,not,.,So,what
Definitely,not,.,So,what,colleges
not,.,So,what,colleges,are
.,So,what,colleges,are,you
So,what,colleges,are,you,considering
what,colleges,are,you,considering,that
colleges,are,you,considering,that,are
are,you,considering,that,are,not
you,considering,that,are,not,","
considering,that,are,not,",",too
that,are,not,",",too,nerdy
are,not,",",too,nerdy,?
not,",",too,nerdy,?,Big
",",too,nerdy,?,Big,party
too,nerdy,?,Big,party,school
nerdy,?,Big,party,school,.
?,Big,party,school,.,But
Big,party,school,.,But,good
party,school,.,But,good,","
school,.,But,good,",",because
.,But,good,",",because,I
But,good,",",because,I,am
good,",",because,I,am,too
",",because,I,am,too,smart
because,I,am,too,smart,for
I,am,too,smart,for,them
am,too,smart,for,them,.
too,smart,for,them,.,Okay
smart,for,them,.,Okay,Joey
for,them,.,Okay,Joey,.
them,.,Okay,Joey,.,.
.,Okay,Joey,.,.,.
Okay,Joey,.,.,.,I’m
Joey,.,.,.,I’m,imagining
.,.,.,I’m,imagining,you
.,.,I’m,imagining,you,would
.,I’m,imagining,you,would,like
I’m,imagining,you,would,like,USC
imagining,you,would,like,USC,in
you,would,like,USC,in,SoCal
would,like,USC,in,SoCal,?
like,USC,in,SoCal,?,Yep
USC,in,SoCal,?,Yep,","
in,SoCal,?,Yep,",",one
SoCal,?,Yep,",",one,of
?,Yep,",",one,of,my
Yep,",",one,of,my,favorites
",",one,of,my,favorites,.
one,of,my,favorites,.,Good
of,my,favorites,.,Good,to
my,favorites,.,Good,to,know
favorites,.,Good,to,know,.
.,Good,to,know,.,Do
Good,to,know,.,Do,you
to,know,.,Do,you,think
know,.,Do,you,think,USC
.,Do,you,think,USC,will
Do,you,think,USC,will,offer
you,think,USC,will,offer,good
think,USC,will,offer,good,wagyu
USC,will,offer,good,wagyu,?
will,offer,good,wagyu,?,I
offer,good,wagyu,?,I,don’t
good,wagyu,?,I,don’t,know
wagyu,?,I,don’t,know,","
?,I,don’t,know,",",but
I,don’t,know,",",but,I
don’t,know,",",but,I,don’t
know,",",but,I,don’t,really
",",but,I,don’t,really,care
but,I,don’t,really,care,.
I,don’t,really,care,.,It
don’t,really,care,.,It,is
really,care,.,It,is,the
care,.,It,is,the,people
.,It,is,the,people,.
It,is,the,people,.,The
is,the,people,.,The,college
the,people,.,The,college,vibe
people,.,The,college,vibe,.
.,The,college,vibe,.,That
The,college,vibe,.,That,is
college,vibe,.,That,is,deep
vibe,.,That,is,deep,.
.,That,is,deep,.,Is
That,is,deep,.,Is,it
is,deep,.,Is,it,for
deep,.,Is,it,for,the
.,Is,it,for,the,same
Is,it,for,the,same,reason
it,for,the,same,reason,that
for,the,same,reason,that,you
the,same,reason,that,you,decided
same,reason,that,you,decided,to
reason,that,you,decided,to,come
that,you,decided,to,come,to
you,decided,to,come,to,Iolani
decided,to,come,to,Iolani,School
to,come,to,Iolani,School,?
come,to,Iolani,School,?,Well
to,Iolani,School,?,Well,","
Iolani,School,?,Well,",",not
School,?,Well,",",not,really
?,Well,",",not,really,.
Well,",",not,really,.,I
",",not,really,.,I,don’t
not,really,.,I,don’t,know
really,.,I,don’t,know,.
.,I,don’t,know,.,I
I,don’t,know,.,I,just
don’t,know,.,I,just,like
know,.,I,just,like,Hawaii
.,I,just,like,Hawaii,.
I,just,like,Hawaii,.,I
just,like,Hawaii,.,I,see
like,Hawaii,.,I,see,.
Hawaii,.,I,see,.,Well
.,I,see,.,Well,","
I,see,.,Well,",",I
see,.,Well,",",I,once
.,Well,",",I,once,heard
Well,",",I,once,heard,from
",",I,once,heard,from,a
I,once,heard,from,a,student
once,heard,from,a,student,from
heard,from,a,student,from,Le
from,a,student,from,Le,Jardin
a,student,from,Le,Jardin,Academy
student,from,Le,Jardin,Academy,that
from,Le,Jardin,Academy,that,Iolani
Le,Jardin,Academy,that,Iolani,School
Jardin,Academy,that,Iolani,School,is
Academy,that,Iolani,School,is,the
that,Iolani,School,is,the,most
Iolani,School,is,the,most,not-Hawaii
School,is,the,most,not-Hawaii,school
is,the,most,not-Hawaii,school,.
the,most,not-Hawaii,school,.,Well
most,not-Hawaii,school,.,Well,","
not-Hawaii,school,.,Well,",",it
school,.,Well,",",it,is
.,Well,",",it,is,fine
Well,",",it,is,fine,.
",",it,is,fine,.,I
it,is,fine,.,I,like
is,fine,.,I,like,it
fine,.,I,like,it,here
.,I,like,it,here,.
I,like,it,here,.,A
like,it,here,.,A,lot
it,here,.,A,lot,of
here,.,A,lot,of,fun
.,A,lot,of,fun,people
A,lot,of,fun,people,.
lot,of,fun,people,.,I’m
of,fun,people,.,I’m,assuming
fun,people,.,I’m,assuming,you’ve
people,.,I’m,assuming,you’ve,been
.,I’m,assuming,you’ve,been,making
I’m,assuming,you’ve,been,making,great
assuming,you’ve,been,making,great,friends
you’ve,been,making,great,friends,over
been,making,great,friends,over,here
making,great,friends,over,here,.
great,friends,over,here,.,Yeah
friends,over,here,.,Yeah,","
over,here,.,Yeah,",",yeah
here,.,Yeah,",",yeah,","
.,Yeah,",",yeah,",",yeah
Yeah,",",yeah,",",yeah,.
",",yeah,",",yeah,.,Especially
yeah,",",yeah,.,Especially,freshman
",",yeah,.,Especially,freshman,girls
yeah,.,Especially,freshman,girls,","
.,Especially,freshman,girls,",",right
Especially,freshman,girls,",",right,?
freshman,girls,",",right,?,No
girls,",",right,?,No,","
",",right,?,No,",",I
right,?,No,",",I,like
?,No,",",I,like,all
No,",",I,like,all,girls
",",I,like,all,girls,.
I,like,all,girls,.,I
like,all,girls,.,I,don’t
all,girls,.,I,don’t,discriminate
girls,.,I,don’t,discriminate,.
.,I,don’t,discriminate,.,Like
I,don’t,discriminate,.,Like,you
don’t,discriminate,.,Like,you,said
discriminate,.,Like,you,said,before
.,Like,you,said,before,.
Like,you,said,before,.,.
you,said,before,.,.,.
said,before,.,.,.,Well
before,.,.,.,Well,","
.,.,.,Well,",",that
.,.,Well,",",that,particular
.,Well,",",that,particular,emphasis
Well,",",that,particular,emphasis,on
",",that,particular,emphasis,on,the
that,particular,emphasis,on,the,girl
particular,emphasis,on,the,girl,you
emphasis,on,the,girl,you,went
on,the,girl,you,went,with
the,girl,you,went,with,to
girl,you,went,with,to,Punahou
you,went,with,to,Punahou,Carnival
went,with,to,Punahou,Carnival,being
with,to,Punahou,Carnival,being,a
to,Punahou,Carnival,being,a,","
Punahou,Carnival,being,a,",",freshman
Carnival,being,a,",",freshman,.
being,a,",",freshman,.,Because
a,",",freshman,.,Because,she
",",freshman,.,Because,she,is
freshman,.,Because,she,is,a
.,Because,she,is,a,freshman
Because,she,is,a,freshman,maybe
she,is,a,freshman,maybe,?
is,a,freshman,maybe,?,It
a,freshman,maybe,?,It,just
freshman,maybe,?,It,just,happens
maybe,?,It,just,happens,to
?,It,just,happens,to,be
It,just,happens,to,be,.
just,happens,to,be,.,Okay
happens,to,be,.,Okay,.
to,be,.,Okay,.,Do
be,.,Okay,.,Do,you
.,Okay,.,Do,you,think
Okay,.,Do,you,think,Indigo
.,Do,you,think,Indigo,Biggins
Do,you,think,Indigo,Biggins,will
you,think,Indigo,Biggins,will,graduate
think,Indigo,Biggins,will,graduate,from
Indigo,Biggins,will,graduate,from,this
Biggins,will,graduate,from,this,school
will,graduate,from,this,school,?
graduate,from,this,school,?,Yeah
from,this,school,?,Yeah,","
this,school,?,Yeah,",",why
school,?,Yeah,",",why,not
?,Yeah,",",why,not,?
Yeah,",",why,not,?,Because
",",why,not,?,Because,I
why,not,?,Because,I,don’t
not,?,Because,I,don’t,know—just
?,Because,I,don’t,know—just,for
Because,I,don’t,know—just,for,the
I,don’t,know—just,for,the,sake
don’t,know—just,for,the,sake,of
know—just,for,the,sake,of,making
for,the,sake,of,making,this
the,sake,of,making,this,conversation
sake,of,making,this,conversation,sample
of,making,this,conversation,sample,longer
making,this,conversation,sample,longer,.
this,conversation,sample,longer,.,Sure
conversation,sample,longer,.,Sure,.
sample,longer,.,Sure,.,What
longer,.,Sure,.,What,do
.,Sure,.,What,do,you
Sure,.,What,do,you,think
.,What,do,you,think,of
What,do,you,think,of,alcohol
do,you,think,of,alcohol,and
you,think,of,alcohol,and,weed
think,of,alcohol,and,weed,?
of,alcohol,and,weed,?,Just
alcohol,and,weed,?,Just,curious
and,weed,?,Just,curious,.
weed,?,Just,curious,.,Which
?,Just,curious,.,Which,one
Just,curious,.,Which,one,is
curious,.,Which,one,is,worse
.,Which,one,is,worse,?
Which,one,is,worse,?,Obviously
one,is,worse,?,Obviously,weed
is,worse,?,Obviously,weed,is
worse,?,Obviously,weed,is,worse
?,Obviously,weed,is,worse,","
Obviously,weed,is,worse,",",because
weed,is,worse,",",because,first
is,worse,",",because,first,","
worse,",",because,first,",",it
",",because,first,",",it,smells
because,first,",",it,smells,horrendous
first,",",it,smells,horrendous,","
",",it,smells,horrendous,",",and
it,smells,horrendous,",",and,second—
smells,horrendous,",",and,second—,Not
horrendous,",",and,second—,Not,really
",",and,second—,Not,really,.
and,second—,Not,really,.,It
second—,Not,really,.,It,smells
Not,really,.,It,smells,good
really,.,It,smells,good,.
.,It,smells,good,.,People
It,smells,good,.,People,have
smells,good,.,People,have,different
good,.,People,have,different,opinions
.,People,have,different,opinions,on
People,have,different,opinions,on,this
have,different,opinions,on,this,.
different,opinions,on,this,.,Well
opinions,on,this,.,Well,","
on,this,.,Well,",",if
this,.,Well,",",if,you
.,Well,",",if,you,were
Well,",",if,you,were,asking
",",if,you,were,asking,me
if,you,were,asking,me,","
you,were,asking,me,",",it
were,asking,me,",",it,is
asking,me,",",it,is,terrible
me,",",it,is,terrible,.
",",it,is,terrible,.,And
it,is,terrible,.,And,of
is,terrible,.,And,of,course
terrible,.,And,of,course,","
.,And,of,course,",",someone
And,of,course,",",someone,else
of,course,",",someone,else,may
course,",",someone,else,may,say
",",someone,else,may,say,something
someone,else,may,say,something,different
else,may,say,something,different,.
may,say,something,different,.,I
say,something,different,.,I,also
something,different,.,I,also,think
different,.,I,also,think,it
.,I,also,think,it,brings
I,also,think,it,brings,lots
also,think,it,brings,lots,of
think,it,brings,lots,of,people
it,brings,lots,of,people,to
brings,lots,of,people,to,greater
lots,of,people,to,greater,misery
of,people,to,greater,misery,and
people,to,greater,misery,and,hopelessness
to,greater,misery,and,hopelessness,than
greater,misery,and,hopelessness,than,if
misery,and,hopelessness,than,if,they
and,hopelessness,than,if,they,hadn’t
hopelessness,than,if,they,hadn’t,touched
than,if,they,hadn’t,touched,weed
if,they,hadn’t,touched,weed,.
they,hadn’t,touched,weed,.,Nah
hadn’t,touched,weed,.,Nah,.
touched,weed,.,Nah,.,People
weed,.,Nah,.,People,made
.,Nah,.,People,made,their
Nah,.,People,made,their,decisions
.,People,made,their,decisions,","
People,made,their,decisions,",",and
made,their,decisions,",",and,people
their,decisions,",",and,people,are
decisions,",",and,people,are,happy
",",and,people,are,happy,.
and,people,are,happy,.,As
people,are,happy,.,As,long
are,happy,.,As,long,as
happy,.,As,long,as,we
.,As,long,as,we,are
As,long,as,we,are,happy
long,as,we,are,happy,","
as,we,are,happy,",",that
we,are,happy,",",that,is
are,happy,",",that,is,all
happy,",",that,is,all,that
",",that,is,all,that,matters
that,is,all,that,matters,.
is,all,that,matters,.,Well
all,that,matters,.,Well,","
that,matters,.,Well,",",good
matters,.,Well,",",good,for
.,Well,",",good,for,them
Well,",",good,for,them,","
",",good,for,them,",",I
good,for,them,",",I,guess
for,them,",",I,guess,.
them,",",I,guess,.,I
",",I,guess,.,I,just
I,guess,.,I,just,don’t
guess,.,I,just,don’t,think
.,I,just,don’t,think,they
I,just,don’t,think,they,really
just,don’t,think,they,really,have
don’t,think,they,really,have,a
think,they,really,have,a,choice
they,really,have,a,choice,once
really,have,a,choice,once,they’re
have,a,choice,once,they’re,in
a,choice,once,they’re,in,the
choice,once,they’re,in,the,cycle
once,they’re,in,the,cycle,of
they’re,in,the,cycle,of,addiction
in,the,cycle,of,addiction,.
the,cycle,of,addiction,.,Well
cycle,of,addiction,.,Well,","
of,addiction,.,Well,",",I
addiction,.,Well,",",I,don’t
.,Well,",",I,don’t,know—maybe
Well,",",I,don’t,know—maybe,.
",",I,don’t,know—maybe,.,How
I,don’t,know—maybe,.,How,is
don’t,know—maybe,.,How,is,life
know—maybe,.,How,is,life,?
.,How,is,life,?,Life
How,is,life,?,Life,is
is,life,?,Life,is,been
life,?,Life,is,been,okay
?,Life,is,been,okay,.
Life,is,been,okay,.,I’ve
is,been,okay,.,I’ve,been
been,okay,.,I’ve,been,stressing
okay,.,I’ve,been,stressing,way
.,I’ve,been,stressing,way,too
I’ve,been,stressing,way,too,hard
been,stressing,way,too,hard,on
stressing,way,too,hard,on,AP
way,too,hard,on,AP,Chem
too,hard,on,AP,Chem,.
hard,on,AP,Chem,.,Well
on,AP,Chem,.,Well,","
AP,Chem,.,Well,",",I
Chem,.,Well,",",I,never
.,Well,",",I,never,stress
Well,",",I,never,stress,about
",",I,never,stress,about,academics
I,never,stress,about,academics,.
never,stress,about,academics,.,I
stress,about,academics,.,I,guess
about,academics,.,I,guess,I
academics,.,I,guess,I,am
.,I,guess,I,am,too
I,guess,I,am,too,smart
guess,I,am,too,smart,","
I,am,too,smart,",",too
am,too,smart,",",too,intelligent
too,smart,",",too,intelligent,.
smart,",",too,intelligent,.,That
",",too,intelligent,.,That,is
too,intelligent,.,That,is,cool
intelligent,.,That,is,cool,.
.,That,is,cool,.,What
That,is,cool,.,What,is
is,cool,.,What,is,your
cool,.,What,is,your,favorite
.,What,is,your,favorite,quote
What,is,your,favorite,quote,or
is,your,favorite,quote,or,sentence
your,favorite,quote,or,sentence,?
favorite,quote,or,sentence,?,My
quote,or,sentence,?,My,favorite
or,sentence,?,My,favorite,quote
sentence,?,My,favorite,quote,?
?,My,favorite,quote,?,Like
My,favorite,quote,?,Like,a
favorite,quote,?,Like,a,philosophical
quote,?,Like,a,philosophical,sentence
?,Like,a,philosophical,sentence,or
Like,a,philosophical,sentence,or,something
a,philosophical,sentence,or,something,like
philosophical,sentence,or,something,like,that
sentence,or,something,like,that,.
or,something,like,that,.,Um
something,like,that,.,Um,.
like,that,.,Um,.,.
that,.,Um,.,.,.
.,Um,.,.,.,that
Um,.,.,.,that,is
.,.,.,that,is,a
.,.,that,is,a,hard
.,that,is,a,hard,question
that,is,a,hard,question,.
is,a,hard,question,.,Mine
a,hard,question,.,Mine,is
hard,question,.,Mine,is,","
question,.,Mine,is,",",People
.,Mine,is,",",People,change
Mine,is,",",People,change,.
is,",",People,change,.,That
",",People,change,.,That,is
People,change,.,That,is,deep
change,.,That,is,deep,.
.,That,is,deep,.,I
That,is,deep,.,I,like
is,deep,.,I,like,short
deep,.,I,like,short,quotes
.,I,like,short,quotes,.
I,like,short,quotes,.,They
like,short,quotes,.,They,hit
short,quotes,.,They,hit,harder
quotes,.,They,hit,harder,.
.,They,hit,harder,.,Yeah
They,hit,harder,.,Yeah,","
hit,harder,.,Yeah,",",like
harder,.,Yeah,",",like,those
.,Yeah,",",like,those,one-liner
Yeah,",",like,those,one-liner,ones
",",like,those,one-liner,ones,that
like,those,one-liner,ones,that,sound
those,one-liner,ones,that,sound,simple
one-liner,ones,that,sound,simple,but
ones,that,sound,simple,but,mess
that,sound,simple,but,mess,with
sound,simple,but,mess,with,your
simple,but,mess,with,your,brain
but,mess,with,your,brain,the
mess,with,your,brain,the,more
with,your,brain,the,more,you
your,brain,the,more,you,think
brain,the,more,you,think,about
the,more,you,think,about,it
more,you,think,about,it,.
you,think,about,it,.,Exactly
think,about,it,.,Exactly,.
about,it,.,Exactly,.,Like
it,.,Exactly,.,Like,","
.,Exactly,.,Like,",",Know
Exactly,.,Like,",",Know,thyself
.,Like,",",Know,thyself,.
Like,",",Know,thyself,.,What
",",Know,thyself,.,What,does
Know,thyself,.,What,does,that
thyself,.,What,does,that,even
.,What,does,that,even,mean
What,does,that,even,mean,?
does,that,even,mean,?,It
that,even,mean,?,It,is
even,mean,?,It,is,Socrates
mean,?,It,is,Socrates,","
?,It,is,Socrates,",",I
It,is,Socrates,",",I,think
is,Socrates,",",I,think,.
Socrates,",",I,think,.,Or
",",I,think,.,Or,maybe
I,think,.,Or,maybe,Plato
think,.,Or,maybe,Plato,?
.,Or,maybe,Plato,?,Same
Or,maybe,Plato,?,Same,Greek
maybe,Plato,?,Same,Greek,guys
Plato,?,Same,Greek,guys,.
?,Same,Greek,guys,.,They
Same,Greek,guys,.,They,were
Greek,guys,.,They,were,probably
guys,.,They,were,probably,sitting
.,They,were,probably,sitting,around
They,were,probably,sitting,around,just
were,probably,sitting,around,just,thinking
probably,sitting,around,just,thinking,all
sitting,around,just,thinking,all,day
around,just,thinking,all,day,.
just,thinking,all,day,.,Honestly
thinking,all,day,.,Honestly,","
all,day,.,Honestly,",",vibes
day,.,Honestly,",",vibes,.
.,Honestly,",",vibes,.,I
Honestly,",",vibes,.,I,wish
",",vibes,.,I,wish,I
vibes,.,I,wish,I,had
.,I,wish,I,had,that
I,wish,I,had,that,kind
wish,I,had,that,kind,of
I,had,that,kind,of,time
had,that,kind,of,time,.
that,kind,of,time,.,Instead
kind,of,time,.,Instead,we
of,time,.,Instead,we,have
time,.,Instead,we,have,APs
.,Instead,we,have,APs,and
Instead,we,have,APs,and,college
we,have,APs,and,college,apps
have,APs,and,college,apps,and
APs,and,college,apps,and,fairs
and,college,apps,and,fairs,and
college,apps,and,fairs,and,stress
apps,and,fairs,and,stress,.
and,fairs,and,stress,.,It
fairs,and,stress,.,It,never
and,stress,.,It,never,ends
stress,.,It,never,ends,.
.,It,never,ends,.,Sometimes
It,never,ends,.,Sometimes,I
never,ends,.,Sometimes,I,wonder
ends,.,Sometimes,I,wonder,what
.,Sometimes,I,wonder,what,would
Sometimes,I,wonder,what,would,happen
I,wonder,what,would,happen,if
wonder,what,would,happen,if,I
what,would,happen,if,I,just
would,happen,if,I,just,stopped
happen,if,I,just,stopped,trying
if,I,just,stopped,trying,for
I,just,stopped,trying,for,a
just,stopped,trying,for,a,week
stopped,trying,for,a,week,.
trying,for,a,week,.,Probably
for,a,week,.,Probably,spontaneous
a,week,.,Probably,spontaneous,combustion
week,.,Probably,spontaneous,combustion,.
.,Probably,spontaneous,combustion,.,LOL
Probably,spontaneous,combustion,.,LOL,.
spontaneous,combustion,.,LOL,.,Or
combustion,.,LOL,.,Or,maybe
.,LOL,.,Or,maybe,I’d
LOL,.,Or,maybe,I’d,finally
.,Or,maybe,I’d,finally,catch
Or,maybe,I’d,finally,catch,up
maybe,I’d,finally,catch,up,on
I’d,finally,catch,up,on,sleep
finally,catch,up,on,sleep,.
catch,up,on,sleep,.,Do
up,on,sleep,.,Do,you
on,sleep,.,Do,you,even
sleep,.,Do,you,even,sleep
.,Do,you,even,sleep,these
Do,you,even,sleep,these,days
you,even,sleep,these,days,?
even,sleep,these,days,?,Barely
sleep,these,days,?,Barely,.
these,days,?,Barely,.,Like
days,?,Barely,.,Like,4-5
?,Barely,.,Like,4-5,hours
Barely,.,Like,4-5,hours,.
.,Like,4-5,hours,.,That
Like,4-5,hours,.,That,is
4-5,hours,.,That,is,terrible
hours,.,That,is,terrible,.
.,That,is,terrible,.,You
That,is,terrible,.,You,need
is,terrible,.,You,need,like
terrible,.,You,need,like,8
.,You,need,like,8,minimum
You,need,like,8,minimum,.
need,like,8,minimum,.,You
like,8,minimum,.,You,sound
8,minimum,.,You,sound,like
minimum,.,You,sound,like,my
.,You,sound,like,my,mom
You,sound,like,my,mom,.
sound,like,my,mom,.,She
like,my,mom,.,She,is
my,mom,.,She,is,right
mom,.,She,is,right,though
.,She,is,right,though,.
She,is,right,though,.,Gotta
is,right,though,.,Gotta,protect
right,though,.,Gotta,protect,the
though,.,Gotta,protect,the,brain
.,Gotta,protect,the,brain,cells
Gotta,protect,the,brain,cells,.
protect,the,brain,cells,.,I
the,brain,cells,.,I,think
brain,cells,.,I,think,I
cells,.,I,think,I,already
.,I,think,I,already,lost
I,think,I,already,lost,most
think,I,already,lost,most,of
I,already,lost,most,of,them
already,lost,most,of,them,in
lost,most,of,them,in,the
most,of,them,in,the,third
of,them,in,the,third,quarter
them,in,the,third,quarter,.
in,the,third,quarter,.,Third
the,third,quarter,.,Third,quarter
third,quarter,.,Third,quarter,was
quarter,.,Third,quarter,was,brutal
.,Third,quarter,was,brutal,.
Third,quarter,was,brutal,.,It
quarter,was,brutal,.,It,really
was,brutal,.,It,really,was
brutal,.,It,really,was,.
.,It,really,was,.,I
It,really,was,.,I,don't
really,was,.,I,don't,know
was,.,I,don't,know,what
.,I,don't,know,what,happened
I,don't,know,what,happened,.
don't,know,what,happened,.,I
know,what,happened,.,I,think
what,happened,.,I,think,the
happened,.,I,think,the,motivation
.,I,think,the,motivation,just
I,think,the,motivation,just,dropped
think,the,motivation,just,dropped,.
the,motivation,just,dropped,.,Same
motivation,just,dropped,.,Same,.
just,dropped,.,Same,.,Like
dropped,.,Same,.,Like,","
.,Same,.,Like,",",I
Same,.,Like,",",I,knew
.,Like,",",I,knew,I
Like,",",I,knew,I,had
",",I,knew,I,had,to
I,knew,I,had,to,work
knew,I,had,to,work,but
I,had,to,work,but,couldn’t
had,to,work,but,couldn’t,get
to,work,but,couldn’t,get,myself
work,but,couldn’t,get,myself,to
but,couldn’t,get,myself,to,start
couldn’t,get,myself,to,start,.
get,myself,to,start,.,And
myself,to,start,.,And,once
to,start,.,And,once,you
start,.,And,once,you,fall
.,And,once,you,fall,behind
And,once,you,fall,behind,","
once,you,fall,behind,",",it
you,fall,behind,",",it,is
fall,behind,",",it,is,so
behind,",",it,is,so,hard
",",it,is,so,hard,to
it,is,so,hard,to,catch
is,so,hard,to,catch,up
so,hard,to,catch,up,.
hard,to,catch,up,.,Yeah
to,catch,up,.,Yeah,","
catch,up,.,Yeah,",",like
up,.,Yeah,",",like,digging
.,Yeah,",",like,digging,out
Yeah,",",like,digging,out,of
",",like,digging,out,of,a
like,digging,out,of,a,hole
digging,out,of,a,hole,with
out,of,a,hole,with,a
of,a,hole,with,a,spoon
a,hole,with,a,spoon,.
hole,with,a,spoon,.,That
with,a,spoon,.,That,is
a,spoon,.,That,is,a
spoon,.,That,is,a,sad
.,That,is,a,sad,metaphor
That,is,a,sad,metaphor,.
is,a,sad,metaphor,.,But
a,sad,metaphor,.,But,accurate
sad,metaphor,.,But,accurate,.
metaphor,.,But,accurate,.,So
.,But,accurate,.,So,are
But,accurate,.,So,are,you
accurate,.,So,are,you,going
.,So,are,you,going,to
So,are,you,going,to,try
are,you,going,to,try,to
you,going,to,try,to,fix
going,to,try,to,fix,it
to,try,to,fix,it,in
try,to,fix,it,in,the
to,fix,it,in,the,fourth
fix,it,in,the,fourth,quarter
it,in,the,fourth,quarter,?
in,the,fourth,quarter,?,I’m
the,fourth,quarter,?,I’m,trying
fourth,quarter,?,I’m,trying,.
quarter,?,I’m,trying,.,I
?,I’m,trying,.,I,made
I’m,trying,.,I,made,a
trying,.,I,made,a,to-do
.,I,made,a,to-do,list
I,made,a,to-do,list,.
made,a,to-do,list,.,Nice
a,to-do,list,.,Nice,.
to-do,list,.,Nice,.,I
list,.,Nice,.,I,tried
.,Nice,.,I,tried,that
Nice,.,I,tried,that,too
.,I,tried,that,too,but
I,tried,that,too,but,I
tried,that,too,but,I,ended
that,too,but,I,ended,up
too,but,I,ended,up,just
but,I,ended,up,just,decorating
I,ended,up,just,decorating,it
ended,up,just,decorating,it,.
up,just,decorating,it,.,Mood
just,decorating,it,.,Mood,.
decorating,it,.,Mood,.,I
it,.,Mood,.,I,spent
.,Mood,.,I,spent,20
Mood,.,I,spent,20,minutes
.,I,spent,20,minutes,choosing
I,spent,20,minutes,choosing,a
spent,20,minutes,choosing,a,font
20,minutes,choosing,a,font,.
minutes,choosing,a,font,.,Productivity
choosing,a,font,.,Productivity,through
a,font,.,Productivity,through,aesthetic
font,.,Productivity,through,aesthetic,.
.,Productivity,through,aesthetic,.,That
Productivity,through,aesthetic,.,That,should
through,aesthetic,.,That,should,be
aesthetic,.,That,should,be,a
.,That,should,be,a,class
That,should,be,a,class,.
should,be,a,class,.,Honestly
be,a,class,.,Honestly,","
a,class,.,Honestly,",",I’d
class,.,Honestly,",",I’d,take
.,Honestly,",",I’d,take,it
Honestly,",",I’d,take,it,over
",",I’d,take,it,over,AP
I’d,take,it,over,AP,Chem
take,it,over,AP,Chem,.
it,over,AP,Chem,.,Same
over,AP,Chem,.,Same,.
AP,Chem,.,Same,.,Why
Chem,.,Same,.,Why,is
.,Same,.,Why,is,AP
Same,.,Why,is,AP,Chem
.,Why,is,AP,Chem,so
Why,is,AP,Chem,so,much
is,AP,Chem,so,much,pain
AP,Chem,so,much,pain,?
Chem,so,much,pain,?,Because
so,much,pain,?,Because,it
much,pain,?,Because,it,is
pain,?,Because,it,is,not
?,Because,it,is,not,just
Because,it,is,not,just,memorization
it,is,not,just,memorization,.
is,not,just,memorization,.,It
not,just,memorization,.,It,is
just,memorization,.,It,is,like
memorization,.,It,is,like,","
.,It,is,like,",",logic
It,is,like,",",logic,puzzles
is,like,",",logic,puzzles,with
like,",",logic,puzzles,with,math
",",logic,puzzles,with,math,and
logic,puzzles,with,math,and,science
puzzles,with,math,and,science,and
with,math,and,science,and,sadness
math,and,science,and,sadness,.
and,science,and,sadness,.,And
science,and,sadness,.,And,labs
and,sadness,.,And,labs,that
sadness,.,And,labs,that,never
.,And,labs,that,never,work
And,labs,that,never,work,.
labs,that,never,work,.,Our
that,never,work,.,Our,last
never,work,.,Our,last,titration
work,.,Our,last,titration,lab
.,Our,last,titration,lab,was
Our,last,titration,lab,was,a
last,titration,lab,was,a,disaster
titration,lab,was,a,disaster,.
lab,was,a,disaster,.,Same
was,a,disaster,.,Same,.
a,disaster,.,Same,.,Ours
disaster,.,Same,.,Ours,turned
.,Same,.,Ours,turned,pink
Same,.,Ours,turned,pink,and
.,Ours,turned,pink,and,then
Ours,turned,pink,and,then,purple
turned,pink,and,then,purple,and
pink,and,then,purple,and,then
and,then,purple,and,then,back
then,purple,and,then,back,to
purple,and,then,back,to,clear
and,then,back,to,clear,.
then,back,to,clear,.,That
back,to,clear,.,That,is
to,clear,.,That,is,not
clear,.,That,is,not,supposed
.,That,is,not,supposed,to
That,is,not,supposed,to,happen
is,not,supposed,to,happen,","
not,supposed,to,happen,",",right
supposed,to,happen,",",right,?
to,happen,",",right,?,Nope
happen,",",right,?,Nope,.
",",right,?,Nope,.,But
right,?,Nope,.,But,the
?,Nope,.,But,the,teacher
Nope,.,But,the,teacher,said
.,But,the,teacher,said,","
But,the,teacher,said,",",good
the,teacher,said,",",good,effort
teacher,said,",",good,effort,.
said,",",good,effort,.,At
",",good,effort,.,At,least
good,effort,.,At,least,you
effort,.,At,least,you,got
.,At,least,you,got,that
At,least,you,got,that,.
least,you,got,that,.,We
you,got,that,.,We,got
got,that,.,We,got,a
that,.,We,got,a,","
.,We,got,a,",",re-do
We,got,a,",",re-do,this
got,a,",",re-do,this,.
a,",",re-do,this,.,Rough
",",re-do,this,.,Rough,.
re-do,this,.,Rough,.,Everything
this,.,Rough,.,Everything,is
.,Rough,.,Everything,is,rough
Rough,.,Everything,is,rough,these
.,Everything,is,rough,these,days
Everything,is,rough,these,days,.
is,rough,these,days,.,At
rough,these,days,.,At,least
these,days,.,At,least,there
days,.,At,least,there,is
.,At,least,there,is,summer
At,least,there,is,summer,coming
least,there,is,summer,coming,up
there,is,summer,coming,up,.
is,summer,coming,up,.,True
summer,coming,up,.,True,.
coming,up,.,True,.,Just
up,.,True,.,Just,gotta
.,True,.,Just,gotta,make
True,.,Just,gotta,make,it
.,Just,gotta,make,it,a
Just,gotta,make,it,a,few
gotta,make,it,a,few,more
make,it,a,few,more,weeks
it,a,few,more,weeks,.
a,few,more,weeks,.,Then
few,more,weeks,.,Then,freedom
more,weeks,.,Then,freedom,.
weeks,.,Then,freedom,.,Or
.,Then,freedom,.,Or,more
Then,freedom,.,Or,more,stress
freedom,.,Or,more,stress,","
.,Or,more,stress,",",depending
Or,more,stress,",",depending,on
more,stress,",",depending,on,what
stress,",",depending,on,what,you
",",depending,on,what,you,signed
depending,on,what,you,signed,up
on,what,you,signed,up,for
what,you,signed,up,for,.
you,signed,up,for,.,Fair
signed,up,for,.,Fair,.
up,for,.,Fair,.,But
for,.,Fair,.,But,at
.,Fair,.,But,at,least
Fair,.,But,at,least,it
.,But,at,least,it,is
But,at,least,it,is,a
at,least,it,is,a,different
least,it,is,a,different,kind
it,is,a,different,kind,of
is,a,different,kind,of,stress
a,different,kind,of,stress,.
different,kind,of,stress,.,Like
kind,of,stress,.,Like,choosing
of,stress,.,Like,choosing,where
stress,.,Like,choosing,where,to
.,Like,choosing,where,to,eat
Like,choosing,where,to,eat,instead
choosing,where,to,eat,instead,of
where,to,eat,instead,of,writing
to,eat,instead,of,writing,DBQs
eat,instead,of,writing,DBQs,.
instead,of,writing,DBQs,.,Exactly
of,writing,DBQs,.,Exactly,.
writing,DBQs,.,Exactly,.,I’d
DBQs,.,Exactly,.,I’d,rather
.,Exactly,.,I’d,rather,stress
Exactly,.,I’d,rather,stress,over
.,I’d,rather,stress,over,dinner
I’d,rather,stress,over,dinner,than
rather,stress,over,dinner,than,over
stress,over,dinner,than,over,derivatives
over,dinner,than,over,derivatives,.
dinner,than,over,derivatives,.,Do
than,over,derivatives,.,Do,you
over,derivatives,.,Do,you,know
derivatives,.,Do,you,know,where
.,Do,you,know,where,you’re
Do,you,know,where,you’re,going
you,know,where,you’re,going,for
know,where,you’re,going,for,your
where,you’re,going,for,your,East
you’re,going,for,your,East,Coast
going,for,your,East,Coast,trip
for,your,East,Coast,trip,yet
your,East,Coast,trip,yet,?
East,Coast,trip,yet,?,Not
Coast,trip,yet,?,Not,fully
trip,yet,?,Not,fully,.
yet,?,Not,fully,.,Probably
?,Not,fully,.,Probably,New
Not,fully,.,Probably,New,York
fully,.,Probably,New,York,","
.,Probably,New,York,",",maybe
Probably,New,York,",",maybe,Boston
New,York,",",maybe,Boston,.
York,",",maybe,Boston,.,Ooh
",",maybe,Boston,.,Ooh,","
maybe,Boston,.,Ooh,",",both
Boston,.,Ooh,",",both,good
.,Ooh,",",both,good,cities
Ooh,",",both,good,cities,.
",",both,good,cities,.,I’ve
both,good,cities,.,I’ve,never
good,cities,.,I’ve,never,been
cities,.,I’ve,never,been,to
.,I’ve,never,been,to,either
I’ve,never,been,to,either,","
never,been,to,either,",",so
been,to,either,",",so,I’m
to,either,",",so,I’m,excited
either,",",so,I’m,excited,.
",",so,I’m,excited,.,You’ll
so,I’m,excited,.,You’ll,love
I’m,excited,.,You’ll,love,New
excited,.,You’ll,love,New,York
.,You’ll,love,New,York,.
You’ll,love,New,York,.,Just
love,New,York,.,Just,wear
New,York,.,Just,wear,comfortable
York,.,Just,wear,comfortable,shoes
.,Just,wear,comfortable,shoes,.
Just,wear,comfortable,shoes,.,Why
wear,comfortable,shoes,.,Why,","
comfortable,shoes,.,Why,",",is
shoes,.,Why,",",is,there
.,Why,",",is,there,a
Why,",",is,there,a,lot
",",is,there,a,lot,of
is,there,a,lot,of,walking
there,a,lot,of,walking,?
a,lot,of,walking,?,It
lot,of,walking,?,It,is
of,walking,?,It,is,basically
walking,?,It,is,basically,a
?,It,is,basically,a,cardio
It,is,basically,a,cardio,workout
is,basically,a,cardio,workout,every
basically,a,cardio,workout,every,day
a,cardio,workout,every,day,.
cardio,workout,every,day,.,Got
workout,every,day,.,Got,it
every,day,.,Got,it,.
day,.,Got,it,.,I’ll
.,Got,it,.,I’ll,pack
Got,it,.,I’ll,pack,sneakers
it,.,I’ll,pack,sneakers,.
.,I’ll,pack,sneakers,.,And
I’ll,pack,sneakers,.,And,maybe
pack,sneakers,.,And,maybe,a
sneakers,.,And,maybe,a,portable
.,And,maybe,a,portable,charger
And,maybe,a,portable,charger,.
maybe,a,portable,charger,.,Your
a,portable,charger,.,Your,phone
portable,charger,.,Your,phone,is
charger,.,Your,phone,is,gonna
.,Your,phone,is,gonna,die
Your,phone,is,gonna,die,from
phone,is,gonna,die,from,taking
is,gonna,die,from,taking,photos
gonna,die,from,taking,photos,.
die,from,taking,photos,.,Good
from,taking,photos,.,Good,tip
taking,photos,.,Good,tip,.
photos,.,Good,tip,.,I’ll
.,Good,tip,.,I’ll,keep
Good,tip,.,I’ll,keep,that
tip,.,I’ll,keep,that,in
.,I’ll,keep,that,in,mind
I’ll,keep,that,in,mind,.
keep,that,in,mind,.,Do
that,in,mind,.,Do,you
in,mind,.,Do,you,like
mind,.,Do,you,like,city
.,Do,you,like,city,trips
Do,you,like,city,trips,more
you,like,city,trips,more,or
like,city,trips,more,or,nature
city,trips,more,or,nature,trips
trips,more,or,nature,trips,?
more,or,nature,trips,?,City
or,nature,trips,?,City,","
nature,trips,?,City,",",definitely
trips,?,City,",",definitely,.
?,City,",",definitely,.,I
City,",",definitely,.,I,need
",",definitely,.,I,need,food
definitely,.,I,need,food,options
.,I,need,food,options,.
I,need,food,options,.,Same
need,food,options,.,Same,.
food,options,.,Same,.,I
options,.,Same,.,I,like
.,Same,.,I,like,forests
Same,.,I,like,forests,for
.,I,like,forests,for,20
I,like,forests,for,20,minutes
like,forests,for,20,minutes,and
forests,for,20,minutes,and,then
for,20,minutes,and,then,I
20,minutes,and,then,I,miss
minutes,and,then,I,miss,sushi
and,then,I,miss,sushi,.
then,I,miss,sushi,.,Exactly
I,miss,sushi,.,Exactly,.
miss,sushi,.,Exactly,.,I
sushi,.,Exactly,.,I,need
.,Exactly,.,I,need,convenience
Exactly,.,I,need,convenience,.
.,I,need,convenience,.,Although
I,need,convenience,.,Although,I
need,convenience,.,Although,I,wouldn’t
convenience,.,Although,I,wouldn’t,mind
.,Although,I,wouldn’t,mind,a
Although,I,wouldn’t,mind,a,cabin
I,wouldn’t,mind,a,cabin,if
wouldn’t,mind,a,cabin,if,it
mind,a,cabin,if,it,had
a,cabin,if,it,had,Wi-Fi
cabin,if,it,had,Wi-Fi,.
if,it,had,Wi-Fi,.,And
it,had,Wi-Fi,.,And,a
had,Wi-Fi,.,And,a,kitchen
Wi-Fi,.,And,a,kitchen,.
.,And,a,kitchen,.,And
And,a,kitchen,.,And,AC
a,kitchen,.,And,AC,.
kitchen,.,And,AC,.,So
.,And,AC,.,So,basically
And,AC,.,So,basically,a
AC,.,So,basically,a,house
.,So,basically,a,house,.
So,basically,a,house,.,Yeah
basically,a,house,.,Yeah,but
a,house,.,Yeah,but,in
house,.,Yeah,but,in,the
.,Yeah,but,in,the,woods
Yeah,but,in,the,woods,.
but,in,the,woods,.,Glamping
in,the,woods,.,Glamping,.
the,woods,.,Glamping,.,Totally
woods,.,Glamping,.,Totally,down
.,Glamping,.,Totally,down,for
Glamping,.,Totally,down,for,glamping
.,Totally,down,for,glamping,.
Totally,down,for,glamping,.,We
down,for,glamping,.,We,should
for,glamping,.,We,should,do
glamping,.,We,should,do,that
.,We,should,do,that,sometime
We,should,do,that,sometime,.
should,do,that,sometime,.,That
do,that,sometime,.,That,would
that,sometime,.,That,would,be
sometime,.,That,would,be,fun
.,That,would,be,fun,.
That,would,be,fun,.,After
would,be,fun,.,After,college
be,fun,.,After,college,apps
fun,.,After,college,apps,maybe
.,After,college,apps,maybe,.
After,college,apps,maybe,.,Let
college,apps,maybe,.,Let,is
apps,maybe,.,Let,is,survive
maybe,.,Let,is,survive,that
.,Let,is,survive,that,first
Let,is,survive,that,first,.
is,survive,that,first,.,One
survive,that,first,.,One,day
that,first,.,One,day,at
first,.,One,day,at,a
.,One,day,at,a,time
One,day,at,a,time,.
day,at,a,time,.,One
at,a,time,.,One,assignment
a,time,.,One,assignment,at
time,.,One,assignment,at,a
.,One,assignment,at,a,time
One,assignment,at,a,time,.
assignment,at,a,time,.,One
at,a,time,.,One,cup
a,time,.,One,cup,of
time,.,One,cup,of,coffee
.,One,cup,of,coffee,at
One,cup,of,coffee,at,a
cup,of,coffee,at,a,time
of,coffee,at,a,time,.
coffee,at,a,time,.,One
at,a,time,.,One,breakdown
a,time,.,One,breakdown,at
time,.,One,breakdown,at,a
.,One,breakdown,at,a,time
One,breakdown,at,a,time,.
breakdown,at,a,time,.,LOL
at,a,time,.,LOL,.
a,time,.,LOL,.,But
time,.,LOL,.,But,actually
.,LOL,.,But,actually,.
LOL,.,But,actually,.,We’ll
.,But,actually,.,We’ll,make
But,actually,.,We’ll,make,it
actually,.,We’ll,make,it,though
.,We’ll,make,it,though,.
We’ll,make,it,though,.,Yeah
make,it,though,.,Yeah,.
it,though,.,Yeah,.,People
though,.,Yeah,.,People,change
.,Yeah,.,People,change,.
Yeah,.,People,change,.,Full
.,People,change,.,Full,circle
People,change,.,Full,circle,.
change,.,Full,circle,.,I
.,Full,circle,.,I,respect
Full,circle,.,I,respect,that
circle,.,I,respect,that,.
.,I,respect,that,.,I
I,respect,that,.,I,try
respect,that,.,I,try,.
that,.,I,try,.,Sometimes
.,I,try,.,Sometimes,I
I,try,.,Sometimes,I,write
try,.,Sometimes,I,write,down
.,Sometimes,I,write,down,stuff
Sometimes,I,write,down,stuff,like
I,write,down,stuff,like,that
write,down,stuff,like,that,in
down,stuff,like,that,in,my
stuff,like,that,in,my,notes
like,that,in,my,notes,app
that,in,my,notes,app,.
in,my,notes,app,.,Same
my,notes,app,.,Same,.
notes,app,.,Same,.,I
app,.,Same,.,I,have
.,Same,.,I,have,a
Same,.,I,have,a,folder
.,I,have,a,folder,called
I,have,a,folder,called,","
have,a,folder,called,",",random
a,folder,called,",",random,thoughts
folder,called,",",random,thoughts,at
called,",",random,thoughts,at,midnight
",",random,thoughts,at,midnight,.
random,thoughts,at,midnight,.,I
thoughts,at,midnight,.,I,have
at,midnight,.,I,have,one
midnight,.,I,have,one,called
.,I,have,one,called,","
I,have,one,called,",",things
have,one,called,",",things,to
one,called,",",things,to,say
called,",",things,to,say,in
",",things,to,say,in,a
things,to,say,in,a,movie
to,say,in,a,movie,.
say,in,a,movie,.,That
in,a,movie,.,That,sounds
a,movie,.,That,sounds,amazing
movie,.,That,sounds,amazing,.
.,That,sounds,amazing,.,What
That,sounds,amazing,.,What,is
sounds,amazing,.,What,is,in
amazing,.,What,is,in,there
.,What,is,in,there,?
What,is,in,there,?,Mostly
is,in,there,?,Mostly,dramatic
in,there,?,Mostly,dramatic,one-liners
there,?,Mostly,dramatic,one-liners,.
?,Mostly,dramatic,one-liners,.,Like
Mostly,dramatic,one-liners,.,Like,","
dramatic,one-liners,.,Like,",",I
one-liners,.,Like,",",I,never
.,Like,",",I,never,meant
Like,",",I,never,meant,to
",",I,never,meant,to,stay
I,never,meant,to,stay,","
never,meant,to,stay,",",but
meant,to,stay,",",but,I
to,stay,",",but,I,could
stay,",",but,I,could,not
",",but,I,could,not,leave
but,I,could,not,leave,.
I,could,not,leave,.,Wow
could,not,leave,.,Wow,.
not,leave,.,Wow,.,That
leave,.,Wow,.,That,sounds
.,Wow,.,That,sounds,like
Wow,.,That,sounds,like,the
.,That,sounds,like,the,start
That,sounds,like,the,start,of
sounds,like,the,start,of,a
like,the,start,of,a,breakup
the,start,of,a,breakup,scene
start,of,a,breakup,scene,.
of,a,breakup,scene,.,Yeah
a,breakup,scene,.,Yeah,","
breakup,scene,.,Yeah,",",or
scene,.,Yeah,",",or,the
.,Yeah,",",or,the,end
Yeah,",",or,the,end,of
",",or,the,end,of,a
or,the,end,of,a,season
the,end,of,a,season,finale
end,of,a,season,finale,.
of,a,season,finale,.,You
a,season,finale,.,You,should
season,finale,.,You,should,be
finale,.,You,should,be,a
.,You,should,be,a,writer
You,should,be,a,writer,.
should,be,a,writer,.,Nah
be,a,writer,.,Nah,","
a,writer,.,Nah,",",I
writer,.,Nah,",",I,just
.,Nah,",",I,just,like
Nah,",",I,just,like,words
",",I,just,like,words,.
I,just,like,words,.,That
just,like,words,.,That,is
like,words,.,That,is,kind
words,.,That,is,kind,of
.,That,is,kind,of,what
That,is,kind,of,what,a
is,kind,of,what,a,writer
kind,of,what,a,writer,is
of,what,a,writer,is,though
what,a,writer,is,though,.
a,writer,is,though,.,Maybe
writer,is,though,.,Maybe,.
is,though,.,Maybe,.,I
though,.,Maybe,.,I,guess
.,Maybe,.,I,guess,I
Maybe,.,I,guess,I,do
.,I,guess,I,do,think
I,guess,I,do,think,about
guess,I,do,think,about,stories
I,do,think,about,stories,a
do,think,about,stories,a,lot
think,about,stories,a,lot,.
about,stories,a,lot,.,Me
stories,a,lot,.,Me,too
a,lot,.,Me,too,.
lot,.,Me,too,.,Like
.,Me,too,.,Like,","
Me,too,.,Like,",",if
too,.,Like,",",if,someone
.,Like,",",if,someone,watched
Like,",",if,someone,watched,my
",",if,someone,watched,my,life
if,someone,watched,my,life,as
someone,watched,my,life,as,a
watched,my,life,as,a,show
my,life,as,a,show,","
life,as,a,show,",",what
as,a,show,",",what,would
a,show,",",what,would,the
show,",",what,would,the,plot
",",what,would,the,plot,be
what,would,the,plot,be,?
would,the,plot,be,?,Probably
the,plot,be,?,Probably,a
plot,be,?,Probably,a,slow
be,?,Probably,a,slow,build
?,Probably,a,slow,build,with
Probably,a,slow,build,with,way
a,slow,build,with,way,too
slow,build,with,way,too,many
build,with,way,too,many,monologues
with,way,too,many,monologues,.
way,too,many,monologues,.,And
too,many,monologues,.,And,not
many,monologues,.,And,not,enough
monologues,.,And,not,enough,action
.,And,not,enough,action,.
And,not,enough,action,.,Unless
not,enough,action,.,Unless,you
enough,action,.,Unless,you,count
action,.,Unless,you,count,pulling
.,Unless,you,count,pulling,all-nighters
Unless,you,count,pulling,all-nighters,as
you,count,pulling,all-nighters,as,action
count,pulling,all-nighters,as,action,.
pulling,all-nighters,as,action,.,True
all-nighters,as,action,.,True,.
as,action,.,True,.,Or
action,.,True,.,Or,running
.,True,.,Or,running,to
True,.,Or,running,to,class
.,Or,running,to,class,after
Or,running,to,class,after,the
running,to,class,after,the,bell
to,class,after,the,bell,.
class,after,the,bell,.,That
after,the,bell,.,That,is
the,bell,.,That,is,basically
bell,.,That,is,basically,a
.,That,is,basically,a,chase
That,is,basically,a,chase,scene
is,basically,a,chase,scene,.
basically,a,chase,scene,.,Do
a,chase,scene,.,Do,you
chase,scene,.,Do,you,think
scene,.,Do,you,think,we
.,Do,you,think,we,are
Do,you,think,we,are,main
you,think,we,are,main,characters
think,we,are,main,characters,?
we,are,main,characters,?,Maybe
are,main,characters,?,Maybe,.
main,characters,?,Maybe,.,Or
characters,?,Maybe,.,Or,maybe
?,Maybe,.,Or,maybe,everyone
Maybe,.,Or,maybe,everyone,is
.,Or,maybe,everyone,is,the
Or,maybe,everyone,is,the,main
maybe,everyone,is,the,main,character
everyone,is,the,main,character,in
is,the,main,character,in,their
the,main,character,in,their,own
main,character,in,their,own,story
character,in,their,own,story,.
in,their,own,story,.,That
their,own,story,.,That,is
own,story,.,That,is,kind
story,.,That,is,kind,of
.,That,is,kind,of,deep
That,is,kind,of,deep,.
is,kind,of,deep,.,It
kind,of,deep,.,It,helps
of,deep,.,It,helps,me
deep,.,It,helps,me,not
.,It,helps,me,not,compare
It,helps,me,not,compare,myself
helps,me,not,compare,myself,to
me,not,compare,myself,to,others
not,compare,myself,to,others,as
compare,myself,to,others,as,much
myself,to,others,as,much,.
to,others,as,much,.,That
others,as,much,.,That,is
as,much,.,That,is,healthy
much,.,That,is,healthy,.
.,That,is,healthy,.,I
That,is,healthy,.,I,wish
is,healthy,.,I,wish,I
healthy,.,I,wish,I,did
.,I,wish,I,did,that
I,wish,I,did,that,more
wish,I,did,that,more,.
I,did,that,more,.,It
did,that,more,.,It,takes
that,more,.,It,takes,practice
more,.,It,takes,practice,.
.,It,takes,practice,.,I
It,takes,practice,.,I,still
takes,practice,.,I,still,fall
practice,.,I,still,fall,into
.,I,still,fall,into,it
I,still,fall,into,it,.
still,fall,into,it,.,Especially
fall,into,it,.,Especially,with
into,it,.,Especially,with,college
it,.,Especially,with,college,stuff
.,Especially,with,college,stuff,.
Especially,with,college,stuff,.,Yeah
with,college,stuff,.,Yeah,.
college,stuff,.,Yeah,.,Everyone
stuff,.,Yeah,.,Everyone,is
.,Yeah,.,Everyone,is,doing
Yeah,.,Everyone,is,doing,something
.,Everyone,is,doing,something,and
Everyone,is,doing,something,and,it
is,doing,something,and,it,makes
doing,something,and,it,makes,me
something,and,it,makes,me,feel
and,it,makes,me,feel,like
it,makes,me,feel,like,I
makes,me,feel,like,I,am
me,feel,like,I,am,behind
feel,like,I,am,behind,.
like,I,am,behind,.,But
I,am,behind,.,But,behind
am,behind,.,But,behind,what
behind,.,But,behind,what,","
.,But,behind,what,",",you
But,behind,what,",",you,know
behind,what,",",you,know,?
what,",",you,know,?,There
",",you,know,?,There,is
you,know,?,There,is,no
know,?,There,is,no,fixed
?,There,is,no,fixed,schedule
There,is,no,fixed,schedule,.
is,no,fixed,schedule,.,That
no,fixed,schedule,.,That,is
fixed,schedule,.,That,is,true
schedule,.,That,is,true,","
.,That,is,true,",",but
That,is,true,",",but,it
is,true,",",but,it,does
true,",",but,it,does,not
",",but,it,does,not,feel
but,it,does,not,feel,that
it,does,not,feel,that,way
does,not,feel,that,way,sometimes
not,feel,that,way,sometimes,.
feel,that,way,sometimes,.,No
that,way,sometimes,.,No,one
way,sometimes,.,No,one,really
sometimes,.,No,one,really,talks
.,No,one,really,talks,about
No,one,really,talks,about,how
one,really,talks,about,how,random
really,talks,about,how,random,success
talks,about,how,random,success,is
about,how,random,success,is,.
how,random,success,is,.,Or
random,success,is,.,Or,how
success,is,.,Or,how,messy
is,.,Or,how,messy,the
.,Or,how,messy,the,process
Or,how,messy,the,process,is
how,messy,the,process,is,.
messy,the,process,is,.,We
the,process,is,.,We,only
process,is,.,We,only,see
is,.,We,only,see,the
.,We,only,see,the,highlights
We,only,see,the,highlights,.
only,see,the,highlights,.,Exactly
see,the,highlights,.,Exactly,.
the,highlights,.,Exactly,.,The
highlights,.,Exactly,.,The,accepted
.,Exactly,.,The,accepted,posts
Exactly,.,The,accepted,posts,","
.,The,accepted,posts,",",the
The,accepted,posts,",",the,trophies
accepted,posts,",",the,trophies,","
posts,",",the,trophies,",",the
",",the,trophies,",",the,perfect
the,trophies,",",the,perfect,scores
trophies,",",the,perfect,scores,.
",",the,perfect,scores,.,But
the,perfect,scores,.,But,not
perfect,scores,.,But,not,the
scores,.,But,not,the,nights
.,But,not,the,nights,spent
But,not,the,nights,spent,crying
not,the,nights,spent,crying,or
the,nights,spent,crying,or,doubting
nights,spent,crying,or,doubting,.
spent,crying,or,doubting,.,I
crying,or,doubting,.,I,think
or,doubting,.,I,think,that
doubting,.,I,think,that,is
.,I,think,that,is,why
I,think,that,is,why,honest
think,that,is,why,honest,conversations
that,is,why,honest,conversations,matter
is,why,honest,conversations,matter,.
why,honest,conversations,matter,.,This
honest,conversations,matter,.,This,feels
conversations,matter,.,This,feels,like
matter,.,This,feels,like,one
.,This,feels,like,one,of
This,feels,like,one,of,them
feels,like,one,of,them,.
like,one,of,them,.,It
one,of,them,.,It,does
of,them,.,It,does,.
them,.,It,does,.,Kind
.,It,does,.,Kind,of
It,does,.,Kind,of,rare
does,.,Kind,of,rare,","
.,Kind,of,rare,",",actually
Kind,of,rare,",",actually,.
of,rare,",",actually,.,Yeah
rare,",",actually,.,Yeah,.
",",actually,.,Yeah,.,Most
actually,.,Yeah,.,Most,people
.,Yeah,.,Most,people,just
Yeah,.,Most,people,just,say
.,Most,people,just,say,","
Most,people,just,say,",",I’m
people,just,say,",",I’m,fine
just,say,",",I’m,fine,and
say,",",I’m,fine,and,move
",",I’m,fine,and,move,on
I’m,fine,and,move,on,.
fine,and,move,on,.,Because
and,move,on,.,Because,it
move,on,.,Because,it,is
on,.,Because,it,is,easier
.,Because,it,is,easier,.
Because,it,is,easier,.,But
it,is,easier,.,But,not
is,easier,.,But,not,better
easier,.,But,not,better,.
.,But,not,better,.,Agreed
But,not,better,.,Agreed,.
not,better,.,Agreed,.,I
better,.,Agreed,.,I,want
.,Agreed,.,I,want,to
Agreed,.,I,want,to,get
.,I,want,to,get,better
I,want,to,get,better,at
want,to,get,better,at,saying
to,get,better,at,saying,real
get,better,at,saying,real,things
better,at,saying,real,things,.
at,saying,real,things,.,Same
saying,real,things,.,Same,.
real,things,.,Same,.,I
things,.,Same,.,I,want
.,Same,.,I,want,to
Same,.,I,want,to,ask
.,I,want,to,ask,people
I,want,to,ask,people,real
want,to,ask,people,real,questions
to,ask,people,real,questions,too
ask,people,real,questions,too,.
people,real,questions,too,.,Like
real,questions,too,.,Like,","
questions,too,.,Like,",",What
too,.,Like,",",What,are
.,Like,",",What,are,you
Like,",",What,are,you,afraid
",",What,are,you,afraid,of
What,are,you,afraid,of,?
are,you,afraid,of,?,Or
you,afraid,of,?,Or,","
afraid,of,?,Or,",",When
of,?,Or,",",When,did
?,Or,",",When,did,you
Or,",",When,did,you,last
",",When,did,you,last,feel
When,did,you,last,feel,proud
did,you,last,feel,proud,of
you,last,feel,proud,of,yourself
last,feel,proud,of,yourself,?
feel,proud,of,yourself,?,That
proud,of,yourself,?,That,one
of,yourself,?,That,one,is
yourself,?,That,one,is,hard
?,That,one,is,hard,.
That,one,is,hard,.,I
one,is,hard,.,I,do
is,hard,.,I,do,not
hard,.,I,do,not,know
.,I,do,not,know,the
I,do,not,know,the,answer
do,not,know,the,answer,.
not,know,the,answer,.,Me
know,the,answer,.,Me,neither
the,answer,.,Me,neither,.
answer,.,Me,neither,.,But
.,Me,neither,.,But,I
Me,neither,.,But,I,want
neither,.,But,I,want,to
.,But,I,want,to,figure
But,I,want,to,figure,it
I,want,to,figure,it,out
want,to,figure,it,out,.
to,figure,it,out,.,Do
figure,it,out,.,Do,you
it,out,.,Do,you,think
out,.,Do,you,think,people
.,Do,you,think,people,our
Do,you,think,people,our,age
you,think,people,our,age,think
think,people,our,age,think,like
people,our,age,think,like,this
our,age,think,like,this,often
age,think,like,this,often,?
think,like,this,often,?,Probably
like,this,often,?,Probably,more
this,often,?,Probably,more,than
often,?,Probably,more,than,they
?,Probably,more,than,they,admit
Probably,more,than,they,admit,.
more,than,they,admit,.,I
than,they,admit,.,I,wonder
they,admit,.,I,wonder,why
admit,.,I,wonder,why,we
.,I,wonder,why,we,are
I,wonder,why,we,are,scared
wonder,why,we,are,scared,to
why,we,are,scared,to,say
we,are,scared,to,say,it
are,scared,to,say,it,out
scared,to,say,it,out,loud
to,say,it,out,loud,.
say,it,out,loud,.,Maybe
it,out,loud,.,Maybe,because
out,loud,.,Maybe,because,people
loud,.,Maybe,because,people,might
.,Maybe,because,people,might,not
Maybe,because,people,might,not,take
because,people,might,not,take,us
people,might,not,take,us,seriously
might,not,take,us,seriously,.
not,take,us,seriously,.,But
take,us,seriously,.,But,we
us,seriously,.,But,we,are
seriously,.,But,we,are,serious
.,But,we,are,serious,.
But,we,are,serious,.,Yeah
we,are,serious,.,Yeah,","
are,serious,.,Yeah,",",and
serious,.,Yeah,",",and,thoughtful
.,Yeah,",",and,thoughtful,too
Yeah,",",and,thoughtful,too,.
",",and,thoughtful,too,.,It
and,thoughtful,too,.,It,just
thoughtful,too,.,It,just,gets
too,.,It,just,gets,buried
.,It,just,gets,buried,under
It,just,gets,buried,under,test
just,gets,buried,under,test,scores
gets,buried,under,test,scores,and
buried,under,test,scores,and,grades
under,test,scores,and,grades,.
test,scores,and,grades,.,And
scores,and,grades,.,And,trying
and,grades,.,And,trying,to
grades,.,And,trying,to,seem
.,And,trying,to,seem,chill
And,trying,to,seem,chill,.
trying,to,seem,chill,.,Which
to,seem,chill,.,Which,is
seem,chill,.,Which,is,so
chill,.,Which,is,so,much
.,Which,is,so,much,work
Which,is,so,much,work,.
is,so,much,work,.,It
so,much,work,.,It,really
much,work,.,It,really,is
work,.,It,really,is,.
.,It,really,is,.,Being
It,really,is,.,Being,chill
really,is,.,Being,chill,is
is,.,Being,chill,is,exhausting
.,Being,chill,is,exhausting,.
Being,chill,is,exhausting,.,I
chill,is,exhausting,.,I,feel
is,exhausting,.,I,feel,like
exhausting,.,I,feel,like,we
.,I,feel,like,we,are
I,feel,like,we,are,always
feel,like,we,are,always,pretending
like,we,are,always,pretending,a
we,are,always,pretending,a,little
are,always,pretending,a,little,.
always,pretending,a,little,.,Trying
pretending,a,little,.,Trying,to
a,little,.,Trying,to,be
little,.,Trying,to,be,cool
.,Trying,to,be,cool,","
Trying,to,be,cool,",",confident
to,be,cool,",",confident,","
be,cool,",",confident,",",funny
cool,",",confident,",",funny,.
",",confident,",",funny,.,But
confident,",",funny,.,But,deep
",",funny,.,But,deep,down
funny,.,But,deep,down,","
.,But,deep,down,",",we
But,deep,down,",",we,are
deep,down,",",we,are,all
down,",",we,are,all,kind
",",we,are,all,kind,of
we,are,all,kind,of,unsure
are,all,kind,of,unsure,.
all,kind,of,unsure,.,Kind
kind,of,unsure,.,Kind,of
of,unsure,.,Kind,of,lost
unsure,.,Kind,of,lost,.
.,Kind,of,lost,.,Kind
Kind,of,lost,.,Kind,of
of,lost,.,Kind,of,hoping
lost,.,Kind,of,hoping,someone
.,Kind,of,hoping,someone,else
Kind,of,hoping,someone,else,feels
of,hoping,someone,else,feels,the
hoping,someone,else,feels,the,same
someone,else,feels,the,same,.
else,feels,the,same,.,Maybe
feels,the,same,.,Maybe,that
the,same,.,Maybe,that,is
same,.,Maybe,that,is,what
.,Maybe,that,is,what,connection
Maybe,that,is,what,connection,is
that,is,what,connection,is,.
is,what,connection,is,.,Realizing
what,connection,is,.,Realizing,you
connection,is,.,Realizing,you,are
is,.,Realizing,you,are,not
.,Realizing,you,are,not,the
Realizing,you,are,not,the,only
you,are,not,the,only,one
are,not,the,only,one,faking
not,the,only,one,faking,it
the,only,one,faking,it,.
only,one,faking,it,.,I
one,faking,it,.,I,like
faking,it,.,I,like,that
it,.,I,like,that,.
.,I,like,that,.,I
I,like,that,.,I,might
like,that,.,I,might,write
that,.,I,might,write,that
.,I,might,write,that,in
I,might,write,that,in,my
might,write,that,in,my,notes
write,that,in,my,notes,app
that,in,my,notes,app,.
in,my,notes,app,.,Do
my,notes,app,.,Do,it
notes,app,.,Do,it,.
app,.,Do,it,.,You
.,Do,it,.,You,have
Do,it,.,You,have,a
it,.,You,have,a,good
.,You,have,a,good,way
You,have,a,good,way,with
have,a,good,way,with,words
a,good,way,with,words,.
good,way,with,words,.,Thanks
way,with,words,.,Thanks,.
with,words,.,Thanks,.,That
words,.,Thanks,.,That,means
.,Thanks,.,That,means,a
Thanks,.,That,means,a,lot
.,That,means,a,lot,.
That,means,a,lot,.,I
means,a,lot,.,I,mean
a,lot,.,I,mean,it
lot,.,I,mean,it,.
.,I,mean,it,.,You
I,mean,it,.,You,have
mean,it,.,You,have,thoughts
it,.,You,have,thoughts,that
.,You,have,thoughts,that,matter
You,have,thoughts,that,matter,.
have,thoughts,that,matter,.,So
thoughts,that,matter,.,So,do
that,matter,.,So,do,you
matter,.,So,do,you,.
.,So,do,you,.,That
So,do,you,.,That,is
do,you,.,That,is,why
you,.,That,is,why,this
.,That,is,why,this,conversation
That,is,why,this,conversation,is
is,why,this,conversation,is,nice
why,this,conversation,is,nice,.
this,conversation,is,nice,.,Yeah
conversation,is,nice,.,Yeah,.
is,nice,.,Yeah,.,We
nice,.,Yeah,.,We,should
.,Yeah,.,We,should,do
Yeah,.,We,should,do,this
.,We,should,do,this,more
We,should,do,this,more,.
should,do,this,more,.,Definitely
do,this,more,.,Definitely,.
this,more,.,Definitely,.,It
more,.,Definitely,.,It,is
.,Definitely,.,It,is,kind
Definitely,.,It,is,kind,of
.,It,is,kind,of,rare
It,is,kind,of,rare,to
is,kind,of,rare,to,talk
kind,of,rare,to,talk,like
of,rare,to,talk,like,this
rare,to,talk,like,this,.
to,talk,like,this,.,It
talk,like,this,.,It,should
like,this,.,It,should,not
this,.,It,should,not,be
.,It,should,not,be,.
It,should,not,be,.,No
should,not,be,.,No,","
not,be,.,No,",",but
be,.,No,",",but,I
.,No,",",but,I,guess
No,",",but,I,guess,we
",",but,I,guess,we,need
but,I,guess,we,need,the
I,guess,we,need,the,right
guess,we,need,the,right,space
we,need,the,right,space,.
need,the,right,space,.,And
the,right,space,.,And,the
right,space,.,And,the,right
space,.,And,the,right,people
.,And,the,right,people,.
And,the,right,people,.,I
the,right,people,.,I,think
right,people,.,I,think,we
people,.,I,think,we,found
.,I,think,we,found,that
I,think,we,found,that,today
think,we,found,that,today,.
we,found,that,today,.,Yeah
found,that,today,.,Yeah,.
that,today,.,Yeah,.,This
today,.,Yeah,.,This,was
.,Yeah,.,This,was,real
Yeah,.,This,was,real,.
.,This,was,real,.,You
This,was,real,.,You,want
was,real,.,You,want,to
real,.,You,want,to,go
.,You,want,to,go,get
You,want,to,go,get,something
want,to,go,get,something,to
to,go,get,something,to,eat
go,get,something,to,eat,?
get,something,to,eat,?,Sure
something,to,eat,?,Sure,.
to,eat,?,Sure,.,I
eat,?,Sure,.,I,could
?,Sure,.,I,could,use
Sure,.,I,could,use,a
.,I,could,use,a,break
I,could,use,a,break,.
could,use,a,break,.,Do
use,a,break,.,Do,you
a,break,.,Do,you,want
break,.,Do,you,want,sushi
.,Do,you,want,sushi,again
Do,you,want,sushi,again,?
you,want,sushi,again,?,Always
want,sushi,again,?,Always,.
sushi,again,?,Always,.,I
again,?,Always,.,I,never
?,Always,.,I,never,get
Always,.,I,never,get,tired
.,I,never,get,tired,of
I,never,get,tired,of,it
never,get,tired,of,it,.
get,tired,of,it,.,Let
tired,of,it,.,Let,us
of,it,.,Let,us,go
it,.,Let,us,go,.
.,Let,us,go,.,We
Let,us,go,.,We,earned
us,go,.,We,earned,it
go,.,We,earned,it,.
.,We,earned,it,.,Yeah
We,earned,it,.,Yeah,","
earned,it,.,Yeah,",",we
it,.,Yeah,",",we,did
.,Yeah,",",we,did,.
